<?xml version="1.0" encoding="UTF-8" ?>
<!--
     Copyright 2002 (C) MetaStuff, Ltd. All Rights Reserved.
     This software is open source. 
 
   Redistribution and use of this software and associated documentation
   ("Software"), with or without modification, are permitted provided
   that the following conditions are met:
  
   1. Redistributions of source code must retain copyright
      copy of this document.
  
   2. Redistributions in binary form must reproduce the
      above copyright notice, this list of conditions and the
      following disclaimer in the documentation and/or other
      materials provided with the distribution.
  
   3. The name "DOM4J" must not be used to endorse or promote
      products derived from this Software without prior written
      permission of MetaStuff, Ltd.  For written permission,
      please contact dom4j-info@metastuff.com.
  
   4. Products derived from this Software may not be called "DOM4J"
      nor may "DOM4J" appear in their names without prior written
      permission of MetaStuff, Ltd. DOM4J is a registered
      trademark of MetaStuff, Ltd.
  
   5. Due credit should be given to the DOM4J Project - 
      http://www.dom4j.org
  
   THIS SOFTWARE IS PROVIDED BY METASTUFF, LTD. AND CONTRIBUTORS
   ``AS IS'' AND ANY EXPRESSED OR IMPLIED WARRANTIES, INCLUDING, BUT
   NOT LIMITED TO, THE IMPLIED WARRANTIES OF MERCHANTABILITY AND
   FITNESS FOR A PARTICULAR PURPOSE ARE DISCLAIMED.  IN NO EVENT SHALL
   METASTUFF, LTD. OR ITS CONTRIBUTORS BE LIABLE FOR ANY DIRECT,
   INDIRECT, INCIDENTAL, SPECIAL, EXEMPLARY, OR CONSEQUENTIAL DAMAGES
   (INCLUDING, BUT NOT LIMITED TO, PROCUREMENT OF SUBSTITUTE GOODS OR
   SERVICES; LOSS OF USE, DATA, OR PROFITS; OR BUSINESS INTERRUPTION)
   HOWEVER CAUSED AND ON ANY THEORY OF LIABILITY, WHETHER IN CONTRACT,
   STRICT LIABILITY, OR TORT (INCLUDING NEGLIGENCE OR OTHERWISE)
   ARISING IN ANY WAY OUT OF THE USE OF THIS SOFTWARE, EVEN IF ADVISED
   OF THE POSSIBILITY OF SUCH DAMAGE.
  
   Copyright 2001-2004 (C) MetaStuff, Ltd. All Rights Reserved.
  
   $Id: Songs.xml,v 1.3 2004/06/25 08:03:45 maartenc Exp $ 
-->


<!--
    Author: Tobias Rademacher      
-->

<Songs>
 <song>
   <mp3 kbs="128" size="6128">
     <id3>
      <title>Simon</title>
      <artist>Lifehouse</artist>
      <album>No Name Face</album>
      <year>2000</year>
      <genre>Alternative Rock</genre>
      <track>6</track>     
     </id3>
   </mp3>
  </song>
  <song>
   <mp3 kbs="128" size="6359">
     <id3>
      <title>Hands Clean</title>
      <artist>Alanis Morrisette</artist>
      <album>Under Rug Swept</album>
      <year>2002</year>
      <genre>Alternative Rock</genre>
      <track>3</track>
     </id3>
   </mp3>
  </song>
  <song>
   <mp3 kbs="256" size="6460">
     <id3>
      <title>Alive</title>
      <artist>Payable On Deatch</artist>
      <album>Satellit</album>
      <year>2002</year>
      <genre>Metal</genre>
      <track/>
     </id3>
   </mp3>
 </song>
 <mp3 kbs="256" size="4203">
   <id3>
     <title>Crawling In The Dark</title>
     <artist>Hoobastank</artist>
     <album>Hoobastank (Selftitled)</album>
     <year>2002</year>
     <genre>Alternative Rock</genre>
     <track/>
  </id3>
 </mp3>
</Songs>
